{"codes": ["s = input()\nn = len(s)\nif s.count('-') % 2 == 0:\n\tprint('YES')\nelse:\n\tprint('NO')\n"], "rewards": [0.6857142857142857], "train rewards": [0.6470588235294118], "time": [1.5064868927001953], "sample times": 1}