{"codes": ["n = int(input())\nprint(2, 0)\n"], "rewards": [0.014705882352941176], "train rewards": [0.014925373134328358], "time": 0.767498254776001, "sample times": 1}